{"cameraMode":{"drawMode":0,"name":"Shaded","section":"Shading Mode"},"sceneLighting":false,"audioPlay":false,"sceneViewState":{"showFog":true,"showMaterialUpdate":false,"showSkybox":false,"showFlares":true,"showImageEffects":true,"showParticleSystems":true},"in2DMode":false,"pivot":{"x":-25.055978775024415,"y":-1.1161826848983765,"z":45.09611129760742},"rotation":{"x":0.039741333574056628,"y":-0.08532948791980744,"z":0.003403004026040435,"w":0.9955531358718872},"size":15.064263343811036,"orthographic":false}