{"cameraMode":{"drawMode":0,"name":"Shaded","section":"Shading Mode"},"sceneLighting":false,"audioPlay":false,"sceneViewState":{"showFog":true,"showMaterialUpdate":false,"showSkybox":false,"showFlares":true,"showImageEffects":true,"showParticleSystems":true},"in2DMode":false,"pivot":{"x":-1.2330652475357056,"y":0.15677796304225923,"z":-3.084226369857788},"rotation":{"x":0.004291202872991562,"y":-0.9843919277191162,"z":-0.024222945794463159,"w":-0.1742575466632843},"size":0.7316756248474121,"orthographic":false}