{"cameraMode":{"drawMode":0,"name":"Shaded","section":"Shading Mode"},"sceneLighting":false,"audioPlay":false,"sceneViewState":{"showFog":true,"showMaterialUpdate":false,"showSkybox":false,"showFlares":true,"showImageEffects":true,"showParticleSystems":true},"in2DMode":false,"pivot":{"x":11.63825511932373,"y":0.3180970549583435,"z":27.663204193115236},"rotation":{"x":0.07985993474721909,"y":-0.16017283499240876,"z":0.013008911162614823,"w":0.9837747812271118},"size":9.52627944946289,"orthographic":false}