{"cameraMode":{"drawMode":0,"name":"Shaded","section":"Shading Mode"},"sceneLighting":false,"audioPlay":false,"sceneViewState":{"showFog":true,"showMaterialUpdate":false,"showSkybox":false,"showFlares":true,"showImageEffects":true,"showParticleSystems":true},"in2DMode":false,"pivot":{"x":-0.3652436435222626,"y":4.141633987426758,"z":16.714773178100587},"rotation":{"x":0.2546751797199249,"y":-0.0588454008102417,"z":0.01553322747349739,"w":0.9651134610176086},"size":0.0866020992398262,"orthographic":false}