{"cameraMode":{"drawMode":0,"name":"Shaded","section":"Shading Mode"},"sceneLighting":false,"audioPlay":false,"sceneViewState":{"showFog":true,"showMaterialUpdate":false,"showSkybox":false,"showFlares":true,"showImageEffects":true,"showParticleSystems":true},"in2DMode":false,"pivot":{"x":-18.98076629638672,"y":-2.07432222366333,"z":25.44382095336914},"rotation":{"x":0.1080138310790062,"y":-0.6758716702461243,"z":0.1011132076382637,"w":0.722019374370575},"size":8.66025447845459,"orthographic":false}