{"cameraMode":{"drawMode":0,"name":"Shaded","section":"Shading Mode"},"sceneLighting":false,"audioPlay":false,"sceneViewState":{"showFog":true,"showMaterialUpdate":false,"showSkybox":false,"showFlares":true,"showImageEffects":true,"showParticleSystems":true},"in2DMode":false,"pivot":{"x":6.295801639556885,"y":2.1922099590301515,"z":29.24318504333496},"rotation":{"x":0.05831146240234375,"y":-0.07270979881286621,"z":0.004265931434929371,"w":0.9956442713737488},"size":9.52627944946289,"orthographic":false}